{"sampleRate":100,"peaks":[0.0,0.0,0.015808105,0.7699585,0.8387146,0.9622803,0.80752563,0.9924927,0.7650757,0.93185425,0.899292,0.9241638,0.89404297,0.80758667,0.9291382,0.8092346,0.91134644,0.84246826,0.9104309,0.8846741,0.95791626,0.90008545,0.8835449,0.8931885,0.9249573,0.97476196,0.8703308,0.6804199,0.67666626,0.5654297,0.5301819,0.66952515,0.68847656,0.833374,0.5265808,0.7183838,0.62612915,0.5380249,0.69055176,0.63516235,0.75961304,0.6376343,0.5725403,0.3255005,0.3121338,0.49508667,0.27755737,0.46533203,0.8013916,0.8022156,0.9229431,0.9999695,1.0,0.8197937,0.805603,0.9501648,0.9999695,0.9569092,0.8366699,0.7212219,0.7614746,0.60739136,0.49868774,0.70928955,0.9035034,0.9906006,0.7049866,0.663147,0.84783936,0.77301025,0.9283142,0.8422241,0.5819397,0.55810547,0.71987915,0.9784546,0.95996094,0.9721985,0.58132935,0.73239136,0.9789429,0.94744873,0.9847412,0.87557983,0.84365845,0.92596436,0.75439453,0.868103,0.73876953,0.52423096,0.80599976,0.69000244,0.68310547,0.663208,0.47381592,0.4810791,0.5823059,0.52645874,0.6352234,0.49822998,0.25567627,0.34146118,0.5260315,0.21636963,0.46340942,0.29223633,0.31530762,0.5690613,0.60931396,0.72561646,0.5003052,0.7280884,0.69033813,0.55966187,0.5064392,0.54504395,0.5516968,0.6199951,0.63687134,0.4024048,0.59762573,0.4517517,0.5892029,0.45056152,0.51168823,0.522583,0.41378784,0.3652954,0.5097046,0.5259094,0.43041992,0.3270874,0.36315918,0.38998413,0.54800415,0.50891113,0.6981201,0.6911011,0.7395325,0.8266907,0.79086304,0.7908325,0.8356323,0.92059326,0.8991699,0.86569214,0.6102295,0.7605591,0.75790405,0.7576599,0.69558716,0.61398315,0.65802,0.6166382,0.61761475,0.72650146,0.78686523,0.700531,0.592865,0.4559021,0.5529785,0.5906677,0.7147522,0.49160767,0.4050598,0.6322632,0.6166992,0.54141235,0.8614502,0.85354614,0.58865356,0.7329407,0.69485474,0.8071594,0.82754517,0.9475403,0.8972168,0.9055481,0.79278564,0.72927856,0.7380066,0.7953186,0.789978,0.9511719,0.7546387,0.6984558,0.6913147,0.59783936,0.8568115,0.79299927,0.7624512,0.5835571,0.41479492,0.35491943,0.32336426,0.3953247,0.46066284,0.5203247,0.7064514,0.6602783,0.7908325,0.7746582,0.68603516,0.766449,0.5083008,0.5734558,0.47201538,0.18591309,0.41378784,0.6456299,0.5432434,0.41815186,0.709198,0.60961914,0.79696655,0.81677246,0.6616211,0.72817993,0.5206909,0.5513611,0.39343262,0.47216797,0.4411316,0.49124146,0.5154724,0.51882935,0.55026245,0.8722534,0.9163208,0.97494507,0.81936646,0.7822876,0.8277893,0.81518555,0.81921387,0.5948181,0.57662964,0.6483154,0.55007935,0.7338257,0.64398193,0.8139343,0.8042908,0.97732544,0.875885,0.88827515,0.5411072,0.774353,0.5776367,0.39059448,0.4489746,0.44906616,0.6118164,0.57995605,0.48660278,0.7833252,0.7081299,0.6856079,0.73950195,0.76312256,0.7420044,0.6828003,0.5629883,0.59350586,0.6956177,0.5380249,0.3687439,0.40493774,0.368927,0.52127075,0.4892273,0.69815063,0.7116089,0.5220642,0.72946167,0.49124146,0.36218262,0.44622803,0.4111328,0.3270874,0.2793274,0.42825317,0.36727905,0.7290344,0.77770996,0.7147827,0.6029358,0.62994385,0.6090698,0.72998047,0.75357056,0.62472534,0.52441406,0.57666016,0.64627075,0.46627808,0.8489685,0.53689575,0.8956299,0.7277832,0.86257935,0.6934204,0.72076416,0.7172241,0.7816162,0.5352783,0.6851196,0.7706299,0.83239746,0.73651123,0.8760071,0.92367554,0.65042114,0.75579834,0.9880066,0.92575073,0.9963074,0.9116516,0.8980408,0.97146606,0.97006226,0.82263184,0.8490906,0.87579346,0.9614563,0.9767761,0.8751526,0.8400879,0.9863281,0.94610596,0.9465027,0.91064453,0.9690552,0.7733154,0.95599365,0.9678955,0.77944946,0.90097046,0.99990845,0.6311035,0.86743164,0.83584595,0.89749146,0.83966064,0.7868042,0.8114929,0.8078613,0.89559937,0.9616699,0.9057007,0.7720947,0.92129517,0.707489,0.50946045,0.4390869,0.4651184,0.65408325,0.82180786,0.7028198,0.792572,0.7838135,0.7771301,0.7928467,0.9423218,0.9064636,0.7669983,0.9786377,0.69970703,0.9147949,0.63568115,0.5507202,0.88217163,0.52438354,0.5317688,0.8605652,0.8892517,0.8327942,0.6317444,0.84783936,0.60580444,0.7781067,0.8288269,0.9024353,0.60809326,0.68707275,0.65649414,0.93026733,0.9178467,0.78634644,0.6324158,0.90008545,0.8605652,0.79577637,0.8300476,0.7984314,0.85720825,0.6587219,0.6672363,0.71347046,0.59780884,0.77838135,0.8951111,1.0,0.9847107,0.9680176,1.0,0.98205566,0.9627075,1.0,0.9701233,0.9526367,0.99609375,0.68844604,0.9029541,0.94039917,0.93066406,0.9852905,0.8395996,0.95758057,0.9840088,0.87109375,0.77908325,0.8234863,0.682251,0.81677246,0.94836426,0.9276428,0.46240234,0.6383972,0.3855896,0.5831604,0.4413452,0.43341064,0.5081787,0.7401123,0.5469055,0.38394165,0.5776062,0.39468384,0.47653198,0.63430786,0.55114746,0.46887207,0.42462158,0.58377075,0.52593994,0.39379883,0.44049072,0.5177002,0.6335144,0.5854187,0.79244995,0.6399231,0.5001221,0.40563965,0.46395874,0.53967285,0.59091187,0.7417908,0.50720215,0.8442688,0.9369812,0.9121399,0.7611389,0.8137512,0.72854614,0.8897095,0.7923279,0.6191101,0.6412964,0.69433594,0.6942749,0.78012085,0.6647644,0.74432373,0.5783386,0.70047,0.7284241,0.8128662,0.6074524,0.7352295,0.56188965,0.6358032,0.54629517,0.62527466,0.5231323,0.35610962,0.3857422,0.44491577,0.59802246,0.7602539,0.81655884,0.8770447,0.9038391,0.9508667,0.9451904,0.9637146,0.68429565,0.75653076,0.75323486,0.75045776,0.8043823,0.82510376,0.50427246,0.5605774,0.5067444,0.9709778,0.9335022,0.9458313,0.7835083,0.89974976,0.87890625,0.7958069,0.95028687,0.94888306,0.9311218,0.7095337,0.8066406,0.6491394,0.8781128,0.95999146,0.9003601,0.9378967,1.0,0.7901306,0.9836731,0.7993469,0.5921936,0.6682434,0.8059082,0.9490967,0.73999023,0.75112915,0.82699585,0.9410095,0.9227295,0.87023926,0.9138489,0.9999695,0.9255676,0.9668884,0.90197754,0.6956177,0.73794556,0.53512573,0.5004883,0.60842896,0.37002563,0.49267578,0.6741638,0.52978516,0.6477051,0.89553833,0.7578125,0.8247986,0.90322876,0.70532227,0.8824158,0.8231201,0.5147705,0.6883545,0.66986084,0.5159302,0.8405762,0.7534485,0.73098755,0.6485901,0.6672058,0.7895508,0.5809326,0.7215271,0.9039612,0.7654419,0.65802,0.45620728,0.6873779,0.61221313,0.50717163,0.6215515,0.5888977,0.66619873,0.6912842,0.73394775,0.5470581,0.6259155,0.85284424,0.5885315,0.8871155,0.52838135,0.6828003,0.8104248,0.6698303,0.5358887,0.46029663,0.75375366,0.7885437,0.7289734,0.6329346,0.49978638,0.5140991,0.5373535,0.47610474,0.66571045,0.6284485,0.65652466,0.54782104,0.57107544,0.9006653,0.55426025,0.56604004,0.6265564,0.68255615,0.8146057,0.6369629,0.8241577,0.8069763,0.74502563,0.62454224,0.64227295,0.5713501,0.6795349,0.5177002,0.3781128,0.56521606,0.51242065,0.4048462,0.4928894,0.3354187,0.36532593,0.5427246,0.50894165,0.504364,0.50845337,0.49154663,0.5404968,0.5995178,0.8562927,0.9608154,0.96585083,0.97302246,0.9999695,0.92276,0.9593506,0.9839783,0.7395325,0.8762207,0.70370483,0.82910156,0.74212646,0.82095337,0.8334961,0.88449097,0.8025818,0.52453613,0.5794678,0.78189087,0.3439026,0.55130005,0.7000122,0.6119995,0.40863037,0.36569214,0.4025879,0.49816895,0.508667,0.42391968,0.47088623,0.65844727,0.6824646,0.673584,0.8892517,0.6366272,0.86553955,0.83114624,0.858551,0.8247986,0.76782227,0.66641235,0.6889343,0.63723755,0.7493286,0.9317322,0.75335693,0.9423218,0.91467285,0.7802429,0.83273315,0.57333374,0.7303772,0.95492554,0.8893738,0.74823,0.86105347,0.86587524,0.6364441,0.8831787,0.8236084,0.82839966,0.7511902,0.79190063,0.69625854,0.782135,0.72869873,0.72714233,0.41732788,0.5542908,0.6644592,0.69018555,0.5498047,0.5031433,0.5258789,0.7062073,0.594574,0.8088074,0.465271,0.5857239,0.6174927,0.6972656,0.5559082,0.6132202,0.6885376,0.5583801,0.50149536,0.43829346,0.59729004,0.68252563,0.6911926,0.89279175,0.77090454,0.9720154,0.9083557,0.87841797,0.95840454,0.8951111,0.8161621,0.60339355,0.34231567,0.5258179,0.4680481,0.31332397,0.32992554,0.32110596,0.43502808,0.47573853,0.5793457,0.4954834,0.50460815,0.5513611,0.68115234,0.6564636,0.76290894,0.59954834,0.5176697,0.5505676,0.68014526,0.89068604,0.7631531,0.68377686,0.53427124,0.63082886,0.6127014,0.60388184,0.5700989,0.28494263,0.302948,0.33062744,0.29000854,0.3567505,0.44805908,0.5469971,0.4602661,